month,treated_centered_speed,synthetic_centered_speed,gap_mph,post,treatment_column,treatment_definition
2023-08-01,0.25800549787507077,-0.016651480828081006,0.27465697870315176,False,any_intersection,GeoJSON any policy-date route shape intersects CBD geofence
2023-09-01,-0.22301814595017344,-0.07025936762313163,-0.15275877832704182,False,any_intersection,GeoJSON any policy-date route shape intersects CBD geofence
2023-10-01,-0.14605551967430763,-0.05421746638991973,-0.0918380532843879,False,any_intersection,GeoJSON any policy-date route shape intersects CBD geofence
2023-11-01,-0.12810792922351322,-0.05951014483025727,-0.06859778439325595,False,any_intersection,GeoJSON any policy-date route shape intersects CBD geofence
2023-12-01,-0.06604280729683776,-0.13947720207415912,0.07343439477732136,False,any_intersection,GeoJSON any policy-date route shape intersects CBD geofence
2024-01-01,0.13422169325702527,0.10858894881838767,0.025632744438637597,False,any_intersection,GeoJSON any policy-date route shape intersects CBD geofence
2024-02-01,0.10810652000998733,0.09252790004274998,0.015578619967237348,False,any_intersection,GeoJSON any policy-date route shape intersects CBD geofence
2024-03-01,0.00698355289640773,0.043587966879838576,-0.036604413983430846,False,any_intersection,GeoJSON any policy-date route shape intersects CBD geofence
2024-04-01,0.013679396272041622,-0.004397212543555093,0.018076608815596716,False,any_intersection,GeoJSON any policy-date route shape intersects CBD geofence
2024-05-01,-0.1675325586109251,-0.12493076822826292,-0.042601790382662166,False,any_intersection,GeoJSON any policy-date route shape intersects CBD geofence
2024-06-01,0.024480169012565334,0.11756730564267102,-0.09308713663010569,False,any_intersection,GeoJSON any policy-date route shape intersects CBD geofence
2024-07-01,0.2514218865149873,0.10202922267298899,0.14939266384199834,False,any_intersection,GeoJSON any policy-date route shape intersects CBD geofence
2024-08-01,0.3411870207818781,0.1204014290154534,0.2207855917664247,False,any_intersection,GeoJSON any policy-date route shape intersects CBD geofence
2024-09-01,-0.1880316864886069,-0.17265736081108493,-0.015374325677521977,False,any_intersection,GeoJSON any policy-date route shape intersects CBD geofence
2024-10-01,-0.11701088032826146,0.08700384708011633,-0.20401472740837778,False,any_intersection,GeoJSON any policy-date route shape intersects CBD geofence
2024-11-01,-0.10944561632098537,0.014999741107157375,-0.12444535742814275,False,any_intersection,GeoJSON any policy-date route shape intersects CBD geofence
2024-12-01,0.007159407273645613,-0.04460535793092082,0.05176476520456643,False,any_intersection,GeoJSON any policy-date route shape intersects CBD geofence
2025-01-01,0.3175476030531188,-0.2017029153399382,0.519250518393057,True,any_intersection,GeoJSON any policy-date route shape intersects CBD geofence
2025-02-01,0.4047052918647278,-0.06062257888417204,0.46532787074889986,True,any_intersection,GeoJSON any policy-date route shape intersects CBD geofence
2025-03-01,0.23315719438569982,-0.10821450083233879,0.3413716952180386,True,any_intersection,GeoJSON any policy-date route shape intersects CBD geofence
2025-04-01,0.18773000546547447,-0.10639700676445334,0.2941270122299278,True,any_intersection,GeoJSON any policy-date route shape intersects CBD geofence
2025-05-01,-0.008758422001169386,-0.10864240380303192,0.09988398180186253,True,any_intersection,GeoJSON any policy-date route shape intersects CBD geofence
2025-06-01,0.11229734807969738,-0.07638919553665513,0.1886865436163525,True,any_intersection,GeoJSON any policy-date route shape intersects CBD geofence
2025-07-01,0.13552418414951806,-0.004679515658171152,0.1402036998076892,True,any_intersection,GeoJSON any policy-date route shape intersects CBD geofence
2025-08-01,0.29338797453614873,0.028097706966623028,0.26529026756952573,True,any_intersection,GeoJSON any policy-date route shape intersects CBD geofence
2025-09-01,-0.17136734253239183,0.013229735681041197,-0.18459707821343302,True,any_intersection,GeoJSON any policy-date route shape intersects CBD geofence
2025-10-01,-0.0518541868311031,-0.010573712131054507,-0.04128047470004859,True,any_intersection,GeoJSON any policy-date route shape intersects CBD geofence
2025-11-01,-0.0208171302948017,0.006126212183929607,-0.026943342478731307,True,any_intersection,GeoJSON any policy-date route shape intersects CBD geofence
2025-12-01,0.03185656130151138,-0.054209130862812024,0.0860656921643234,True,any_intersection,GeoJSON any policy-date route shape intersects CBD geofence
2026-01-01,0.23102527020963226,-0.019970039717108437,0.2509953099267407,True,any_intersection,GeoJSON any policy-date route shape intersects CBD geofence
2026-02-01,-0.13666642868073975,-0.022687018557311905,-0.11397941012342784,True,any_intersection,GeoJSON any policy-date route shape intersects CBD geofence
2026-03-01,0.1485312571793731,0.0014191788393188775,0.14711207834005421,True,any_intersection,GeoJSON any policy-date route shape intersects CBD geofence
2026-04-01,0.11983143497249227,-0.05999354220761317,0.17982497718010543,True,any_intersection,GeoJSON any policy-date route shape intersects CBD geofence
2026-05-01,-0.010678215789653223,-0.1272435909423119,0.11656537515265869,True,any_intersection,GeoJSON any policy-date route shape intersects CBD geofence
2023-08-01,0.2607470870645665,-0.022905904544895033,0.28365299160946156,False,max_share_ge_05pct,GeoJSON max shape share in CBD >= 5%
2023-09-01,-0.23536444836066917,-0.07720640129567917,-0.15815804706498998,False,max_share_ge_05pct,GeoJSON max shape share in CBD >= 5%
2023-10-01,-0.1568659448509031,-0.06027168531524941,-0.0965942595356537,False,max_share_ge_05pct,GeoJSON max shape share in CBD >= 5%
2023-11-01,-0.13777404468645482,-0.06608966884253714,-0.07168437584391768,False,max_share_ge_05pct,GeoJSON max shape share in CBD >= 5%
2023-12-01,-0.07369452102389662,-0.14474599622012413,0.07105147519622751,False,max_share_ge_05pct,GeoJSON max shape share in CBD >= 5%
2024-01-01,0.1341311292583356,0.10686820825203108,0.027262921006304508,False,max_share_ge_05pct,GeoJSON max shape share in CBD >= 5%
2024-02-01,0.10810995801449419,0.08942495152942592,0.018685006485068267,False,max_share_ge_05pct,GeoJSON max shape share in CBD >= 5%
2024-03-01,0.0053238708861798045,0.046554216070922534,-0.04123034518474273,False,max_share_ge_05pct,GeoJSON max shape share in CBD >= 5%
2024-04-01,0.009720752544078337,-0.0006868758234845947,0.010407628367562932,False,max_share_ge_05pct,GeoJSON max shape share in CBD >= 5%
2024-05-01,-0.16728782090006522,-0.12938572059613776,-0.03790210030392746,False,max_share_ge_05pct,GeoJSON max shape share in CBD >= 5%
2024-06-01,0.032028390016738406,0.12492554363055935,-0.09289715361382095,False,max_share_ge_05pct,GeoJSON max shape share in CBD >= 5%
2024-07-01,0.2639795327788663,0.1091900103504189,0.1547895224284474,False,max_share_ge_05pct,GeoJSON max shape share in CBD >= 5%
2024-08-01,0.3619231707904742,0.1271299285920228,0.2347932421984514,False,max_share_ge_05pct,GeoJSON max shape share in CBD >= 5%
2024-09-01,-0.18361499419712235,-0.17242434557236608,-0.011190648624756272,False,max_share_ge_05pct,GeoJSON max shape share in CBD >= 5%
2024-10-01,-0.11844320737190905,0.0922195068124761,-0.21066271418438515,False,max_share_ge_05pct,GeoJSON max shape share in CBD >= 5%
2024-11-01,-0.11217627945991726,0.021705515753318656,-0.13388179521323593,False,max_share_ge_05pct,GeoJSON max shape share in CBD >= 5%
2024-12-01,0.009257369497218448,-0.044301282780711874,0.05355865227793032,False,max_share_ge_05pct,GeoJSON max shape share in CBD >= 5%
2025-01-01,0.3251574157488335,-0.2046732346892268,0.5298306504380603,True,max_share_ge_05pct,GeoJSON max shape share in CBD >= 5%
2025-02-01,0.42315162068976786,-0.05929714039861423,0.4824487610883821,True,max_share_ge_05pct,GeoJSON max shape share in CBD >= 5%
2025-03-01,0.24121355455962323,-0.10893114948796316,0.3501447040475864,True,max_share_ge_05pct,GeoJSON max shape share in CBD >= 5%
2025-04-01,0.19062339641505233,-0.10795969220162606,0.29858308861667837,True,max_share_ge_05pct,GeoJSON max shape share in CBD >= 5%
2025-05-01,-0.011594347415802453,-0.10843269145606982,0.09683834404026737,True,max_share_ge_05pct,GeoJSON max shape share in CBD >= 5%
2025-06-01,0.11574564814987731,-0.07628852966466483,0.19203417781454213,True,max_share_ge_05pct,GeoJSON max shape share in CBD >= 5%
2025-07-01,0.13802962615549852,-0.0021608178602760043,0.14019044401577452,True,max_share_ge_05pct,GeoJSON max shape share in CBD >= 5%
2025-08-01,0.30087904443874525,0.030844784873410695,0.27003425956533456,True,max_share_ge_05pct,GeoJSON max shape share in CBD >= 5%
2025-09-01,-0.17972427554217596,0.016345894486930898,-0.19607017002910687,True,max_share_ge_05pct,GeoJSON max shape share in CBD >= 5%
2025-10-01,-0.06135855166135329,-0.014652488358493906,-0.04670606330285938,True,max_share_ge_05pct,GeoJSON max shape share in CBD >= 5%
2025-11-01,-0.027626420979393274,0.005867780981392503,-0.03349420196078578,True,max_share_ge_05pct,GeoJSON max shape share in CBD >= 5%
2025-12-01,0.02702062205661626,-0.056737525070031054,0.08375814712664731,True,max_share_ge_05pct,GeoJSON max shape share in CBD >= 5%
2026-01-01,0.2293144036474848,-0.021749895730089876,0.2510642993775747,True,max_share_ge_05pct,GeoJSON max shape share in CBD >= 5%
2026-02-01,-0.14490389965892803,-0.024536391832864494,-0.12036750782606354,True,max_share_ge_05pct,GeoJSON max shape share in CBD >= 5%
2026-03-01,0.14480828513039423,0.007943307240524446,0.1368649778898698,True,max_share_ge_05pct,GeoJSON max shape share in CBD >= 5%
2026-04-01,0.11410998356400981,-0.0573934730450089,0.17150345660901872,True,max_share_ge_05pct,GeoJSON max shape share in CBD >= 5%
2026-05-01,-0.01695613397624829,-0.13055531717554267,0.11359918319929438,True,max_share_ge_05pct,GeoJSON max shape share in CBD >= 5%
2023-08-01,0.2502953062806501,-0.02306054938896418,0.2733558556696143,False,max_share_ge_10pct,GeoJSON max shape share in CBD >= 10%
2023-09-01,-0.22345320911381172,-0.07490238389977713,-0.1485508252140346,False,max_share_ge_10pct,GeoJSON max shape share in CBD >= 10%
2023-10-01,-0.15192858913869678,-0.05810399753067845,-0.09382459160801833,False,max_share_ge_10pct,GeoJSON max shape share in CBD >= 10%
2023-11-01,-0.13222616994069103,-0.06245511500122051,-0.06977105493947053,False,max_share_ge_10pct,GeoJSON max shape share in CBD >= 10%
2023-12-01,-0.0724202313185538,-0.13980479224225043,0.06738456092369663,False,max_share_ge_10pct,GeoJSON max shape share in CBD >= 10%
2024-01-01,0.13408891052728844,0.10716546287372587,0.02692344765356257,False,max_share_ge_10pct,GeoJSON max shape share in CBD >= 10%
2024-02-01,0.11306987022030057,0.09407015039430006,0.018999719826000516,False,max_share_ge_10pct,GeoJSON max shape share in CBD >= 10%
2024-03-01,0.010345592000223114,0.05137543876272691,-0.0410298467625038,False,max_share_ge_10pct,GeoJSON max shape share in CBD >= 10%
2024-04-01,0.0020055849826157157,-0.0036717871559783307,0.005677372138594046,False,max_share_ge_10pct,GeoJSON max shape share in CBD >= 10%
2024-05-01,-0.16257028397965012,-0.1255536119466544,-0.03701667203299572,False,max_share_ge_10pct,GeoJSON max shape share in CBD >= 10%
2024-06-01,0.02888458072826161,0.11712364542161297,-0.08823906469335135,False,max_share_ge_10pct,GeoJSON max shape share in CBD >= 10%
2024-07-01,0.25496326795705393,0.1057562514118656,0.1492070165451883,False,max_share_ge_10pct,GeoJSON max shape share in CBD >= 10%
2024-08-01,0.34930272180620037,0.12219363723943123,0.22710908456676915,False,max_share_ge_10pct,GeoJSON max shape share in CBD >= 10%
2024-09-01,-0.1765050823802392,-0.1669946532446746,-0.009510429135564602,False,max_share_ge_10pct,GeoJSON max shape share in CBD >= 10%
2024-10-01,-0.11930303781204721,0.08534133032280551,-0.2046443681348527,False,max_share_ge_10pct,GeoJSON max shape share in CBD >= 10%
2024-11-01,-0.10783577954000556,0.017988731190355593,-0.12582451073036116,False,max_share_ge_10pct,GeoJSON max shape share in CBD >= 10%
2024-12-01,0.0032865487210962385,-0.04646775720663545,0.04975430592773169,False,max_share_ge_10pct,GeoJSON max shape share in CBD >= 10%
2025-01-01,0.31724992950660624,-0.20148940129656906,0.5187393308031754,True,max_share_ge_10pct,GeoJSON max shape share in CBD >= 10%
2025-02-01,0.41151025253002604,-0.06471091499079736,0.4762211675208234,True,max_share_ge_10pct,GeoJSON max shape share in CBD >= 10%
2025-03-01,0.23935810408998837,-0.11278353892246618,0.35214164301245454,True,max_share_ge_10pct,GeoJSON max shape share in CBD >= 10%
2025-04-01,0.18828677461471433,-0.11175546052000175,0.30004223513471606,True,max_share_ge_10pct,GeoJSON max shape share in CBD >= 10%
2025-05-01,-0.00670578399007038,-0.11182436457460611,0.10511858058453573,True,max_share_ge_10pct,GeoJSON max shape share in CBD >= 10%
2025-06-01,0.11559896977615836,-0.0819102519572523,0.19750922173341065,True,max_share_ge_10pct,GeoJSON max shape share in CBD >= 10%
2025-07-01,0.1286919209776194,-0.005299245548686571,0.13399116652630597,True,max_share_ge_10pct,GeoJSON max shape share in CBD >= 10%
2025-08-01,0.29173102957129515,0.026881674120884613,0.26484935545041055,True,max_share_ge_10pct,GeoJSON max shape share in CBD >= 10%
2025-09-01,-0.1632862247299096,0.015624698997724442,-0.17891092372763406,True,max_share_ge_10pct,GeoJSON max shape share in CBD >= 10%
2025-10-01,-0.04473420224361835,-0.014503033513189205,-0.030231168730429143,True,max_share_ge_10pct,GeoJSON max shape share in CBD >= 10%
2025-11-01,-0.00868829684990402,0.003523877755670147,-0.012212174605574166,True,max_share_ge_10pct,GeoJSON max shape share in CBD >= 10%
2025-12-01,0.04123603336188264,-0.055876012914872646,0.09711204627675529,True,max_share_ge_10pct,GeoJSON max shape share in CBD >= 10%
2026-01-01,0.24372750639686558,-0.021912418946578797,0.2656399253434444,True,max_share_ge_10pct,GeoJSON max shape share in CBD >= 10%
2026-02-01,-0.12138662868178063,-0.026714058889717215,-0.09467256979206341,True,max_share_ge_10pct,GeoJSON max shape share in CBD >= 10%
2026-03-01,0.15860345655874664,0.0038538395384878016,0.15474961702025883,True,max_share_ge_10pct,GeoJSON max shape share in CBD >= 10%
2026-04-01,0.12342283216127647,-0.05943909948425744,0.1828619316455339,True,max_share_ge_10pct,GeoJSON max shape share in CBD >= 10%
2026-05-01,-0.0007386968054818865,-0.12723328288179647,0.12649458607631459,True,max_share_ge_10pct,GeoJSON max shape share in CBD >= 10%
2023-08-01,0.16109200333868134,0.00410828100057949,0.15698372233810184,False,max_share_ge_25pct,GeoJSON max shape share in CBD >= 25%
2023-09-01,-0.1462486987102194,-0.04404415282916939,-0.10220454588105,False,max_share_ge_25pct,GeoJSON max shape share in CBD >= 25%
2023-10-01,-0.09951261287912505,-0.030661557743270767,-0.06885105513585428,False,max_share_ge_25pct,GeoJSON max shape share in CBD >= 25%
2023-11-01,-0.05069667486756302,-0.04086192793628633,-0.009834746931276686,False,max_share_ge_25pct,GeoJSON max shape share in CBD >= 25%
2023-12-01,-0.041371613626983716,-0.09354742793668595,0.05217581430970224,False,max_share_ge_25pct,GeoJSON max shape share in CBD >= 25%
2024-01-01,0.1407777720333554,0.12321587223722752,0.017561899796127878,False,max_share_ge_25pct,GeoJSON max shape share in CBD >= 25%
2024-02-01,0.08514562899632239,0.08335432479425377,0.0017913042020686193,False,max_share_ge_25pct,GeoJSON max shape share in CBD >= 25%
2024-03-01,0.054357687778942676,0.07412189607948323,-0.019764208300540556,False,max_share_ge_25pct,GeoJSON max shape share in CBD >= 25%
2024-04-01,0.010699580664414121,0.0012981855401050946,0.009401395124309027,False,max_share_ge_25pct,GeoJSON max shape share in CBD >= 25%
2024-05-01,-0.10066490277426876,-0.07857916541501452,-0.022085737359254246,False,max_share_ge_25pct,GeoJSON max shape share in CBD >= 25%
2024-06-01,0.0008915646860891968,0.05060123507069199,-0.04970967038460279,False,max_share_ge_25pct,GeoJSON max shape share in CBD >= 25%
2024-07-01,0.09238799571350764,0.057773958355776714,0.03461403735773093,False,max_share_ge_25pct,GeoJSON max shape share in CBD >= 25%
2024-08-01,0.16803861198980918,0.053055664404800536,0.11498294758500865,False,max_share_ge_25pct,GeoJSON max shape share in CBD >= 25%
2024-09-01,-0.15597810955028013,-0.13664741368063668,-0.01933069586964345,False,max_share_ge_25pct,GeoJSON max shape share in CBD >= 25%
2024-10-01,-0.09046452778134206,0.03249739883780726,-0.12296192661914931,False,max_share_ge_25pct,GeoJSON max shape share in CBD >= 25%
2024-11-01,-0.016066591531076924,-0.017231658797896093,0.0011650672668191697,False,max_share_ge_25pct,GeoJSON max shape share in CBD >= 25%
2024-12-01,-0.012387113480267331,-0.038453511981772735,0.026066398501505404,False,max_share_ge_25pct,GeoJSON max shape share in CBD >= 25%
2025-01-01,0.2281423118370265,-0.1402884567751247,0.3684307686121512,True,max_share_ge_25pct,GeoJSON max shape share in CBD >= 25%
2025-02-01,0.15910566542995763,-0.07342992363498141,0.23253558906493904,True,max_share_ge_25pct,GeoJSON max shape share in CBD >= 25%
2025-03-01,0.1781092038552945,-0.09393645273709177,0.2720456565923863,True,max_share_ge_25pct,GeoJSON max shape share in CBD >= 25%
2025-04-01,0.11236775496548379,-0.1036688144999802,0.21603656946546398,True,max_share_ge_25pct,GeoJSON max shape share in CBD >= 25%
2025-05-01,-0.009369617011975251,-0.09615120066333882,0.08678158365136357,True,max_share_ge_25pct,GeoJSON max shape share in CBD >= 25%
2025-06-01,0.06654008090167807,-0.1028972653544081,0.16943734625608617,True,max_share_ge_25pct,GeoJSON max shape share in CBD >= 25%
2025-07-01,0.09813676617192701,-0.015711743684083984,0.113848509856011,True,max_share_ge_25pct,GeoJSON max shape share in CBD >= 25%
2025-08-01,0.21328638717999038,0.008728679353412866,0.2045577078265775,True,max_share_ge_25pct,GeoJSON max shape share in CBD >= 25%
2025-09-01,-0.06731529266035263,0.016468647542220688,-0.08378394020257332,True,max_share_ge_25pct,GeoJSON max shape share in CBD >= 25%
2025-10-01,0.013262549394971401,0.007572857024412138,0.0056896923705592635,True,max_share_ge_25pct,GeoJSON max shape share in CBD >= 25%
2025-11-01,0.06357738678661917,0.006779099571129367,0.0567982872154898,True,max_share_ge_25pct,GeoJSON max shape share in CBD >= 25%
2025-12-01,0.0725678992267289,-0.03985860446120932,0.11242650368793822,True,max_share_ge_25pct,GeoJSON max shape share in CBD >= 25%
2026-01-01,0.24358091918644487,-0.011898902397491624,0.2554798215839365,True,max_share_ge_25pct,GeoJSON max shape share in CBD >= 25%
2026-02-01,-0.055057373906394425,-0.02986962559083858,-0.025187748315555845,True,max_share_ge_25pct,GeoJSON max shape share in CBD >= 25%
2026-03-01,0.18900300485275068,-0.016475167237712342,0.205478172090463,True,max_share_ge_25pct,GeoJSON max shape share in CBD >= 25%
2026-04-01,0.11694320360852295,-0.0674597488959626,0.18440295250448555,True,max_share_ge_25pct,GeoJSON max shape share in CBD >= 25%
2026-05-01,0.031909854754283984,-0.10275396633675794,0.1346638210910419,True,max_share_ge_25pct,GeoJSON max shape share in CBD >= 25%
2023-08-01,0.16422752114678918,0.026591109743189643,0.13763641140359953,False,max_share_ge_50pct,GeoJSON max shape share in CBD >= 50%
2023-09-01,-0.14149480883381038,-0.037363467317906095,-0.10413134151590428,False,max_share_ge_50pct,GeoJSON max shape share in CBD >= 50%
2023-10-01,-0.09500549352120657,-0.027663612925920282,-0.06734188059528629,False,max_share_ge_50pct,GeoJSON max shape share in CBD >= 50%
2023-11-01,-0.0459004732722752,-0.04439250763350165,-0.001507965638773548,False,max_share_ge_50pct,GeoJSON max shape share in CBD >= 50%
2023-12-01,-0.03007660845555815,-0.08830749634089897,0.058230887885340823,False,max_share_ge_50pct,GeoJSON max shape share in CBD >= 50%
2024-01-01,0.13507452513307694,0.11915715047342532,0.015917374659651623,False,max_share_ge_50pct,GeoJSON max shape share in CBD >= 50%
2024-02-01,0.06909807655677724,0.06665546103759735,0.0024426155191798887,False,max_share_ge_50pct,GeoJSON max shape share in CBD >= 50%
2024-03-01,0.053902139059828436,0.07334210422166133,-0.019439965161832898,False,max_share_ge_50pct,GeoJSON max shape share in CBD >= 50%
2024-04-01,0.014017598279817634,0.00767651457201139,0.006341083707806243,False,max_share_ge_50pct,GeoJSON max shape share in CBD >= 50%
2024-05-01,-0.08207565008199325,-0.0740428355790334,-0.00803281450295984,False,max_share_ge_50pct,GeoJSON max shape share in CBD >= 50%
2024-06-01,-0.009077721649496162,0.03983053940471655,-0.04890826105421271,False,max_share_ge_50pct,GeoJSON max shape share in CBD >= 50%
2024-07-01,0.06413317950165798,0.04770151506868641,0.016431664432971567,False,max_share_ge_50pct,GeoJSON max shape share in CBD >= 50%
2024-08-01,0.1333692883486135,0.0259378490110199,0.10743143933759361,False,max_share_ge_50pct,GeoJSON max shape share in CBD >= 50%
2024-09-01,-0.1680649494744717,-0.13899525191629655,-0.02906969755817515,False,max_share_ge_50pct,GeoJSON max shape share in CBD >= 50%
2024-10-01,-0.07077274214803086,0.03627865029289962,-0.10705139244093048,False,max_share_ge_50pct,GeoJSON max shape share in CBD >= 50%
2024-11-01,0.008246151342442332,-0.012958058382368248,0.02120420972481058,False,max_share_ge_50pct,GeoJSON max shape share in CBD >= 50%
2024-12-01,0.0003999680678345996,-0.01944766372928773,0.01984763179712233,False,max_share_ge_50pct,GeoJSON max shape share in CBD >= 50%
2025-01-01,0.2217169706716957,-0.12838424712121993,0.35010121779291564,True,max_share_ge_50pct,GeoJSON max shape share in CBD >= 50%
2025-02-01,0.09414670092735644,-0.05990008576496219,0.15404678669231864,True,max_share_ge_50pct,GeoJSON max shape share in CBD >= 50%
2025-03-01,0.17005660743294904,-0.0676433086538531,0.23769991608680213,True,max_share_ge_50pct,GeoJSON max shape share in CBD >= 50%
2025-04-01,0.1115203838032155,-0.08110490974865987,0.19262529355187535,True,max_share_ge_50pct,GeoJSON max shape share in CBD >= 50%
2025-05-01,0.003709183575018926,-0.06986601315949365,0.07357519673451257,True,max_share_ge_50pct,GeoJSON max shape share in CBD >= 50%
2025-06-01,0.07420651547942825,-0.08694533574957485,0.1611518512290031,True,max_share_ge_50pct,GeoJSON max shape share in CBD >= 50%
2025-07-01,0.11165075068023977,-0.0204617524194542,0.13211250309969397,True,max_share_ge_50pct,GeoJSON max shape share in CBD >= 50%
2025-08-01,0.22040590213867972,0.006229051400402438,0.21417685073827727,True,max_share_ge_50pct,GeoJSON max shape share in CBD >= 50%
2025-09-01,-0.04994391292193168,0.00804568040239232,-0.057989593324324,True,max_share_ge_50pct,GeoJSON max shape share in CBD >= 50%
2025-10-01,0.01959553390807578,0.0076819307004279734,0.011913603207647807,True,max_share_ge_50pct,GeoJSON max shape share in CBD >= 50%
2025-11-01,0.0728639056441791,0.005546448785910228,0.06731745685826887,True,max_share_ge_50pct,GeoJSON max shape share in CBD >= 50%
2025-12-01,0.09635408354376374,-0.046464026314257174,0.1428181098580209,True,max_share_ge_50pct,GeoJSON max shape share in CBD >= 50%
2026-01-01,0.25050431441789023,-0.007043781068478971,0.2575480954863692,True,max_share_ge_50pct,GeoJSON max shape share in CBD >= 50%
2026-02-01,-0.05776561347734255,-0.016269152147279677,-0.04149646133006287,True,max_share_ge_50pct,GeoJSON max shape share in CBD >= 50%
2026-03-01,0.21105711954394746,0.001205210261344309,0.20985190928260314,True,max_share_ge_50pct,GeoJSON max shape share in CBD >= 50%
2026-04-01,0.13247882134101285,-0.05529088359800301,0.18776970493901585,True,max_share_ge_50pct,GeoJSON max shape share in CBD >= 50%
2026-05-01,0.0248747879187734,-0.09462356374840443,0.11949835166717783,True,max_share_ge_50pct,GeoJSON max shape share in CBD >= 50%
2023-08-01,0.1549379827557118,0.021205136765060067,0.13373284599065174,False,max_share_ge_80pct,GeoJSON max shape share in CBD >= 80%
2023-09-01,-0.12556434407456063,-0.030391328669778398,-0.09517301540478224,False,max_share_ge_80pct,GeoJSON max shape share in CBD >= 80%
2023-10-01,-0.09093455612129198,-0.01663100010470698,-0.074303556016585,False,max_share_ge_80pct,GeoJSON max shape share in CBD >= 80%
2023-11-01,-0.02530246824123239,-0.043365662185498484,0.018063193944266094,False,max_share_ge_80pct,GeoJSON max shape share in CBD >= 80%
2023-12-01,-0.011169973940896583,-0.04283419392510032,0.03166421998420374,False,max_share_ge_80pct,GeoJSON max shape share in CBD >= 80%
2024-01-01,0.18114967673138427,0.16014271088942833,0.021006965841955938,False,max_share_ge_80pct,GeoJSON max shape share in CBD >= 80%
2024-02-01,0.06458692602028915,0.055254314773167584,0.009332611247121564,False,max_share_ge_80pct,GeoJSON max shape share in CBD >= 80%
2024-03-01,0.01913040976602609,0.04993754815747072,-0.03080713839144463,False,max_share_ge_80pct,GeoJSON max shape share in CBD >= 80%
2024-04-01,0.01967377255143976,-0.010708429868315255,0.030382202419755016,False,max_share_ge_80pct,GeoJSON max shape share in CBD >= 80%
2024-05-01,-0.10862201933770876,-0.08292410513196107,-0.0256979142057477,False,max_share_ge_80pct,GeoJSON max shape share in CBD >= 80%
2024-06-01,-0.03497692398393415,0.022129941759174095,-0.05710686574310825,False,max_share_ge_80pct,GeoJSON max shape share in CBD >= 80%
2024-07-01,0.0494784354325537,0.03825262301430551,0.011225812418248195,False,max_share_ge_80pct,GeoJSON max shape share in CBD >= 80%
2024-08-01,0.11040509061670889,0.01124360390175743,0.09916148671495145,False,max_share_ge_80pct,GeoJSON max shape share in CBD >= 80%
2024-09-01,-0.10966209700558682,-0.1005980169346912,-0.009064080070895625,False,max_share_ge_80pct,GeoJSON max shape share in CBD >= 80%
2024-10-01,-0.07891654462730191,0.0269210172914496,-0.10583756191875152,False,max_share_ge_80pct,GeoJSON max shape share in CBD >= 80%
2024-11-01,0.010950987576721083,-0.013907050048745057,0.02485803762546614,False,max_share_ge_80pct,GeoJSON max shape share in CBD >= 80%
2024-12-01,-0.025164354118328625,-0.04372710968302378,0.018562755564695152,False,max_share_ge_80pct,GeoJSON max shape share in CBD >= 80%
2025-01-01,0.27676691789631924,-0.19725015491959294,0.4740170728159122,True,max_share_ge_80pct,GeoJSON max shape share in CBD >= 80%
2025-02-01,0.1837480527225086,-0.1281622092187117,0.3119102619412203,True,max_share_ge_80pct,GeoJSON max shape share in CBD >= 80%
2025-03-01,0.18958165189203058,-0.14375583806382794,0.33333748995585855,True,max_share_ge_80pct,GeoJSON max shape share in CBD >= 80%
2025-04-01,0.14576405770829748,-0.15227919338606474,0.29804325109436225,True,max_share_ge_80pct,GeoJSON max shape share in CBD >= 80%
2025-05-01,0.0005706904796998202,-0.13906422428100626,0.13963491476070608,True,max_share_ge_80pct,GeoJSON max shape share in CBD >= 80%
2025-06-01,0.0726356363625209,-0.14345113551658695,0.21608677187910785,True,max_share_ge_80pct,GeoJSON max shape share in CBD >= 80%
2025-07-01,0.11313900820596157,-0.09111480237066256,0.20425381057662412,True,max_share_ge_80pct,GeoJSON max shape share in CBD >= 80%
2025-08-01,0.23753653672268094,-0.06947187017891521,0.30700840690159614,True,max_share_ge_80pct,GeoJSON max shape share in CBD >= 80%
2025-09-01,0.004672428517730864,-0.06456850795457134,0.0692409364723022,True,max_share_ge_80pct,GeoJSON max shape share in CBD >= 80%
2025-10-01,-0.0064529805321811295,-0.08191265760051233,0.0754596770683312,True,max_share_ge_80pct,GeoJSON max shape share in CBD >= 80%
2025-11-01,0.053845349388275565,-0.05896958086380622,0.11281493025208178,True,max_share_ge_80pct,GeoJSON max shape share in CBD >= 80%
2025-12-01,0.04443488665991335,-0.10645674473833443,0.1508916313982478,True,max_share_ge_80pct,GeoJSON max shape share in CBD >= 80%
2026-01-01,0.2878440667510809,0.009096927289510866,0.27874713946157,True,max_share_ge_80pct,GeoJSON max shape share in CBD >= 80%
2026-02-01,-0.04541136943447821,-0.012599781646163618,-0.03281158778831459,True,max_share_ge_80pct,GeoJSON max shape share in CBD >= 80%
2026-03-01,0.19014172619976133,0.03050202176388146,0.15963970443587988,True,max_share_ge_80pct,GeoJSON max shape share in CBD >= 80%
2026-04-01,0.11092238647082109,-0.03641243200973391,0.147334818480555,True,max_share_ge_80pct,GeoJSON max shape share in CBD >= 80%
2026-05-01,-0.0233024812390612,-0.08299428081507768,0.059691799576016474,True,max_share_ge_80pct,GeoJSON max shape share in CBD >= 80%
2023-08-01,0.25800549787507077,-0.016651480828081006,0.27465697870315176,False,old_official_source_union,Old official CBD route/speed source union
2023-09-01,-0.22301814595017344,-0.07025936762313163,-0.15275877832704182,False,old_official_source_union,Old official CBD route/speed source union
2023-10-01,-0.14605551967430763,-0.05421746638991973,-0.0918380532843879,False,old_official_source_union,Old official CBD route/speed source union
2023-11-01,-0.12810792922351322,-0.05951014483025727,-0.06859778439325595,False,old_official_source_union,Old official CBD route/speed source union
2023-12-01,-0.06604280729683776,-0.13947720207415912,0.07343439477732136,False,old_official_source_union,Old official CBD route/speed source union
2024-01-01,0.13422169325702527,0.10858894881838767,0.025632744438637597,False,old_official_source_union,Old official CBD route/speed source union
2024-02-01,0.10810652000998733,0.09252790004274998,0.015578619967237348,False,old_official_source_union,Old official CBD route/speed source union
2024-03-01,0.00698355289640773,0.043587966879838576,-0.036604413983430846,False,old_official_source_union,Old official CBD route/speed source union
2024-04-01,0.013679396272041622,-0.004397212543555093,0.018076608815596716,False,old_official_source_union,Old official CBD route/speed source union
2024-05-01,-0.1675325586109251,-0.12493076822826292,-0.042601790382662166,False,old_official_source_union,Old official CBD route/speed source union
2024-06-01,0.024480169012565334,0.11756730564267102,-0.09308713663010569,False,old_official_source_union,Old official CBD route/speed source union
2024-07-01,0.2514218865149873,0.10202922267298899,0.14939266384199834,False,old_official_source_union,Old official CBD route/speed source union
2024-08-01,0.3411870207818781,0.1204014290154534,0.2207855917664247,False,old_official_source_union,Old official CBD route/speed source union
2024-09-01,-0.1880316864886069,-0.17265736081108493,-0.015374325677521977,False,old_official_source_union,Old official CBD route/speed source union
2024-10-01,-0.11701088032826146,0.08700384708011633,-0.20401472740837778,False,old_official_source_union,Old official CBD route/speed source union
2024-11-01,-0.10944561632098537,0.014999741107157375,-0.12444535742814275,False,old_official_source_union,Old official CBD route/speed source union
2024-12-01,0.007159407273645613,-0.04460535793092082,0.05176476520456643,False,old_official_source_union,Old official CBD route/speed source union
2025-01-01,0.3175476030531188,-0.2017029153399382,0.519250518393057,True,old_official_source_union,Old official CBD route/speed source union
2025-02-01,0.4047052918647278,-0.06062257888417204,0.46532787074889986,True,old_official_source_union,Old official CBD route/speed source union
2025-03-01,0.23315719438569982,-0.10821450083233879,0.3413716952180386,True,old_official_source_union,Old official CBD route/speed source union
2025-04-01,0.18773000546547447,-0.10639700676445334,0.2941270122299278,True,old_official_source_union,Old official CBD route/speed source union
2025-05-01,-0.008758422001169386,-0.10864240380303192,0.09988398180186253,True,old_official_source_union,Old official CBD route/speed source union
2025-06-01,0.11229734807969738,-0.07638919553665513,0.1886865436163525,True,old_official_source_union,Old official CBD route/speed source union
2025-07-01,0.13552418414951806,-0.004679515658171152,0.1402036998076892,True,old_official_source_union,Old official CBD route/speed source union
2025-08-01,0.29338797453614873,0.028097706966623028,0.26529026756952573,True,old_official_source_union,Old official CBD route/speed source union
2025-09-01,-0.17136734253239183,0.013229735681041197,-0.18459707821343302,True,old_official_source_union,Old official CBD route/speed source union
2025-10-01,-0.0518541868311031,-0.010573712131054507,-0.04128047470004859,True,old_official_source_union,Old official CBD route/speed source union
2025-11-01,-0.0208171302948017,0.006126212183929607,-0.026943342478731307,True,old_official_source_union,Old official CBD route/speed source union
2025-12-01,0.03185656130151138,-0.054209130862812024,0.0860656921643234,True,old_official_source_union,Old official CBD route/speed source union
2026-01-01,0.23102527020963226,-0.019970039717108437,0.2509953099267407,True,old_official_source_union,Old official CBD route/speed source union
2026-02-01,-0.13666642868073975,-0.022687018557311905,-0.11397941012342784,True,old_official_source_union,Old official CBD route/speed source union
2026-03-01,0.1485312571793731,0.0014191788393188775,0.14711207834005421,True,old_official_source_union,Old official CBD route/speed source union
2026-04-01,0.11983143497249227,-0.05999354220761317,0.17982497718010543,True,old_official_source_union,Old official CBD route/speed source union
2026-05-01,-0.010678215789653223,-0.1272435909423119,0.11656537515265869,True,old_official_source_union,Old official CBD route/speed source union
